X_Real,Y_Real,1_Timestamp,1_RSSI,1_Azimuth,1_Elevation,1_Channel,1_Sequence,1_Azimuth_Var,1_RSSI_Var,1_Azimuth_Real,2_Timestamp,2_RSSI,2_Azimuth,2_Elevation,2_Channel,2_Sequence,2_Azimuth_Var,2_RSSI_Var,2_Azimuth_Real,3_Timestamp,3_RSSI,3_Azimuth,3_Elevation,3_Channel,3_Sequence,3_Azimuth_Var,3_RSSI_Var,3_Azimuth_Real,4_Timestamp,4_RSSI,4_Azimuth,4_Elevation,4_Channel,4_Sequence,4_Azimuth_Var,4_RSSI_Var,4_Azimuth_Real
90.0,540.0,200,-57.666666666666664,-0.6666666666666666,0.0,22.666666666666668,23182.0,5.333333333333334,2.333333333333334,0.0,200,-64.5,38.5,9.25,22.5,23183.5,51.0,3.6666666666666665,35.537677791974374,200,-66.25,-14.75,7.25,21.0,23180.5,2184.25,100.9166666666667,0.0,200,-64.66666666666667,-36.333333333333336,-3.6666666666666665,19.333333333333332,23180.333333333332,37.33333333333332,4.333333333333325,-35.537677791974374
90.0,525.9900373599004,201,-55.4,4.0,2.8,22.2,23186.0,17.0,65.8,4.130307431889037,201,-66.25,42.5,6.5,17.0,23187.5,89.66666666666667,40.25000000000002,34.097713087908296,201,-63.75,-9.25,-15.75,22.75,23184.5,84.91666666666667,6.25,-0.7529765660258269,201,-61.75,-57.25,8.0,22.75,23184.5,346.9166666666667,28.25,-35.29038218872086
90.0,511.98007471980077,202,-60.0,9.25,2.75,18.75,23190.5,2.9166666666666665,12.666666666666664,7.671468997267281,202,-64.75,33.5,3.5,26.5,23191.5,81.0,92.91666666666667,32.671552803913826,202,-73.25,15.75,0.25,18.25,23188.5,1112.9166666666667,58.916666666666664,-1.5257360928639436,202,-62.25,-48.5,11.75,18.25,23188.5,329.6666666666667,6.916666666666664,-35.029947830740554
90.0,497.9701120797011,203,-63.75,8.75,3.25,24.25,23194.5,12.916666666666666,22.916666666666657,10.71916035366232,203,-61.25,33.25,-1.5,24.0,23195.5,24.91666666666666,9.58333333333333,31.260739330978122,203,-69.75,-4.25,-4.0,20.25,23192.5,58.916666666666664,38.25000000000001,-2.318776141553312,203,-59.75,-42.5,6.75,20.25,23192.5,89.0,11.58333333333333,-34.755310729243845
90.0,483.9601494396015,204,-61.25,14.25,2.75,28.5,23198.5,16.25,35.58333333333333,13.355711528754108,204,-63.0,43.0,4.5,26.25,23199.5,44.666666666666664,24.66666666666667,29.866707765975587,204,-64.0,-16.0,-18.0,25.0,23196.5,80.66666666666669,4.66666666666666,-3.1325896304490826,204,-59.0,-8.75,7.75,25.0,23196.5,3228.25,22.0,-34.46529022055889
90.0,469.95018679950186,205,-56.75,15.75,1.75,18.25,23202.5,6.249999999999999,10.916666666666666,15.649866843466459,205,-64.75,36.25,-1.5,15.0,23203.5,149.58333333333331,4.916666666666663,28.490779955588554,205,-69.75,9.75,-2.75,29.5,23200.5,170.25,6.25,-3.9676620924758987,205,-64.25,14.25,9.75,29.5,23200.5,3768.9166666666665,16.249999999999996,-34.15857273773191
90.0,455.94022415940225,206,-60.333333333333336,12.0,2.0,14.666666666666666,23206.0,28.0,1.3333333333333321,17.658154180917887,206,-68.0,24.666666666666668,-13.666666666666666,18.666666666666668,23207.0,170.33333333333334,3.0,27.134160275528302,206,-63.0,-6.25,0.75,14.25,23204.5,38.25,0.6666666666666679,-4.824468611537984,206,-67.33333333333333,-15.666666666666666,-22.666666666666668,11.666666666666666,23204.0,1146.3333333333335,6.333333333333343,-33.83369283713011
90.0,441.93026151930263,207,-57.0,16.25,2.25,17.0,23210.25,25.583333333333332,12.666666666666666,19.42674590913552,207,-66.0,-4.25,-15.0,15.75,23211.5,1510.9166666666667,2.6666666666666665,25.79793309670425,207,-66.5,17.0,14.0,26.0,23209.0,98.0,0.5,-5.703470420978251,207,-62.666666666666664,-26.333333333333332,7.333333333333333,20.333333333333332,23208.333333333332,17.33333333333333,17.333333333333325,-33.4890109321468
90.0,427.92029887920296,208,-59.75,22.75,5.0,16.0,23214.5,70.91666666666667,38.91666666666668,20.99329905350368,208,-63.5,-0.5,-8.25,14.75,23215.5,873.6666666666669,14.333333333333341,24.4830618520264,208,-64.0,-23.25,-9.5,14.25,23212.5,154.25000000000003,44.666666666666664,-6.605111149394091,208,-65.0,-25.25,-2.25,14.25,23212.5,1184.2500000000002,15.333333333333336,-33.122687060056066
90.0,413.91033623910334,209,-64.0,22.666666666666668,5.0,18.333333333333332,23218.0,50.33333333333333,39.0,22.388576108141454,209,-66.0,24.25,0.75,15.75,23219.5,728.9166666666666,24.000000000000004,23.19038958627085,209,-63.75,-23.0,-10.75,18.25,23216.5,284.6666666666667,10.916666666666666,-7.529812702433144,209,-60.0,-38.75,-8.0,18.25,23216.5,186.25000000000003,19.333333333333325,-32.73264984926099
90.0,399.90037359900373,210,-62.4,20.2,-7.0,14.2,23222.0,45.70000000000001,25.299999999999994,23.637796461744628,210,-63.0,34.75,8.25,12.5,23223.5,32.25,30.0,21.92064084738938,210,-69.25,-31.25,2.25,8.75,23220.5,864.25,3.5833333333333393,-8.477970773527941,210,-65.0,-40.75,0.75,8.75,23220.5,1.583333333333334,3.999999999999995,-32.31655965318696
90.0,385.8904109589041,211,-58.5,21.75,6.75,16.5,23226.5,54.916666666666664,70.33333333333333,24.76173177443289,211,-61.5,36.75,-2.75,20.0,23227.5,136.25,3.6666666666666665,20.67442476087389,211,-64.25,-17.5,5.5,17.75,23224.5,550.3333333333334,16.250000000000004,-9.449949982022058,211,-63.75,-38.5,27.5,17.75,23224.5,537.0,6.916666666666664,-31.871764561527954
90.0,371.88044831880444,212,-60.333333333333336,33.333333333333336,4.0,7.0,23230.0,208.33333333333331,8.33333333333333,25.777580973150037,212,-60.75,27.0,2.75,16.0,23231.5,168.0,12.25,19.452239118984995,212,-67.0,-19.0,-1.5,14.0,23228.5,346.0,4.666666666666671,-10.446078643896806,212,-66.33333333333333,-42.666666666666664,-13.666666666666666,17.0,23228.666666666668,112.33333333333336,108.33333333333337,-31.395247673179835
90.0,357.8704856787049,213,-53.0,35.2,4.8,21.4,23234.0,222.70000000000002,23.5,26.699664483338147,213,-61.5,29.0,6.25,18.75,23235.5,113.99999999999999,5.666666666666667,18.254475313229822,213,-65.25,9.5,11.0,22.25,23232.5,825.6666666666666,21.58333333333334,-11.466643188435684,213,-60.0,-30.75,13.25,22.25,23232.5,36.24999999999999,24.666666666666668,-30.8835635965382
90.0,343.86052303860527,214,-56.0,7.5,4.25,31.75,23238.5,1665.6666666666667,35.33333333333332,27.53997388648892,214,-63.25,29.0,-0.5,27.0,23239.5,19.333333333333332,6.25,17.08142394061094,214,-68.5,-18.0,18.0,19.25,23236.5,153.33333333333334,16.333333333333332,-12.511882243718981,214,-61.0,-31.75,4.25,19.25,23236.5,59.583333333333336,20.666666666666668,-30.332761603586377
90.0,329.8505603985056,215,-61.666666666666664,17.666666666666668,-9.666666666666666,9.333333333333334,23242.0,124.33333333333334,9.33333333333334,28.308607460707044,215,-70.25,21.25,8.0,14.25,23243.5,20.916666666666668,16.250000000000007,15.933280920941383,215,-68.0,-13.75,-4.75,21.5,23240.5,164.91666666666666,16.666666666666668,-13.581980424857692,215,-62.25,-30.25,15.5,21.5,23240.5,88.91666666666667,38.916666666666664,-29.738292167017487
90.0,315.840597758406,216,-62.2,18.0,4.8,12.8,23246.0,1483.0,11.199999999999996,29.014116203960416,216,-63.5,29.75,-0.25,15.25,23247.5,374.25,29.666666666666686,14.81015397293444,216,-66.5,-4.25,15.5,13.5,23244.5,454.9166666666667,15.0,-14.677061871308283,216,-66.75,-41.25,-9.5,13.5,23244.5,101.58333333333333,19.58333333333333,-29.094892705445403
90.0,301.8306351183063,217,-57.25,37.5,4.5,30.75,23250.5,179.66666666666666,14.250000000000007,29.66377977684798,217,-67.5,28.25,7.25,22.5,23251.5,164.25000000000003,27.666666666666668,13.71206930986615,217,-63.25,4.5,17.5,20.25,23248.5,1391.0,10.25,-15.797183593356358,217,-60.0,-34.75,25.5,20.25,23248.5,56.916666666666664,0.6666666666666679,-28.39644718649766
90.0,287.8206724782067,218,-63.0,58.5,-4.25,13.75,23254.5,323.6666666666667,4.666666666666668,30.263827544903027,218,-72.0,21.25,12.0,13.75,23255.5,514.25,7.99999999999999,12.638978430455005,218,-66.75,-30.5,24.0,19.0,23252.5,127.0,44.25,-16.942328702710896,218,-62.75,-45.0,-31.75,19.0,23252.5,428.6666666666667,25.58333333333334,-27.635812708675868
90.0,273.8107098381071,219,-63.0,34.75,8.0,12.0,23258.5,247.58333333333334,1.999999999999999,30.819616510334782,219,-62.0,10.75,8.75,17.5,23259.5,830.9166666666666,18.666666666666664,11.590764896400264,219,-64.75,-4.0,3.75,17.5,23256.5,1498.6666666666667,10.250000000000009,-18.112399617810215,219,-67.0,-28.5,0.5,17.5,23256.5,29.666666666666668,39.33333333333332,-26.80460419630101
90.0,259.80074719800746,220,-59.333333333333336,36.666666666666664,7.333333333333333,15.0,23262.0,252.33333333333337,14.333333333333329,31.33577527380194,220,-65.66666666666667,7.666666666666667,-3.6666666666666665,27.333333333333332,23263.666666666668,842.3333333333334,5.333333333333329,10.567251004064952,220,-64.0,-32.25,-0.25,15.5,23260.5,156.25000000000003,1.9999999999999976,-19.30721135047291,220,-61.75,-22.75,3.5,15.5,23260.5,28.249999999999996,9.583333333333329,-25.892925771867347
90.0,245.79078455790784,221,-56.0,41.0,21.0,24.333333333333332,23265.0,4.0,19.0,31.81632111726961,221,-71.0,10.666666666666666,3.0,24.666666666666668,23267.666666666668,466.3333333333333,48.0,9.568204273516596,221,-62.25,-24.5,1.75,19.0,23264.5,19.66666666666667,4.916666666666667,-20.526484996389247,221,-64.0,-20.0,-8.25,19.0,23264.5,78.0,27.999999999999996,-24.889034076283696
90.0,231.78082191780823,222,-57.666666666666664,55.0,-11.333333333333334,30.333333333333332,23269.333333333332,304.0,41.33333333333334,32.26475572111065,222,-78.0,4.0,-1.5,28.0,23272.0,2738.0,18.0,8.593343693110382,222,-62.0,-34.5,4.0,32.0,23268.5,40.5,50.0,-21.76984156694937,222,-59.5,-24.0,5.5,32.0,23268.5,98.0,4.5,-23.77891465947911
90.0,217.7708592777086,223,-63.0,34.0,-2.75,20.5,23274.5,96.66666666666664,18.000000000000004,32.68414381567273,223,-64.75,1.75,-9.0,17.25,23275.5,393.5833333333333,9.58333333333333,7.642345671687877,223,-68.33333333333333,-35.0,-19.666666666666668,21.0,23272.666666666668,93.0,16.333333333333336,-23.036796313250587,223,-57.333333333333336,-23.0,4.0,21.0,23272.666666666668,21.0,4.33333333333333,-22.545747505794477
90.0,203.7608966376089,224,-60.333333333333336,26.0,2.3333333333333335,17.333333333333332,23278.0,1381.0,6.333333333333334,33.07717813452931,224,-71.0,8.0,6.0,18.0,23279.5,34.666666666666664,10.0,6.714849663065707,224,-63.5,-23.0,-8.75,21.5,23276.5,100.0,27.666666666666668,-24.32675370391367,224,-61.25,-24.75,0.25,21.5,23276.5,69.58333333333333,0.2500000000000006,-21.16923195807543
90.0,189.75093399750932,225,-70.6,45.6,28.0,14.6,23282.0,433.8,86.29999999999998,33.44623331746536,225,-64.75,14.25,-3.75,14.75,23283.5,160.91666666666666,4.25,5.810463438675454,225,-58.75,-37.25,-14.25,13.75,23280.5,77.58333333333331,3.5833333333333353,-25.639003225596372,225,-65.75,-25.25,1.25,13.75,23280.5,99.58333333333333,8.249999999999991,-19.62473547878215
90.0,175.7409713574097,226,-55.5,30.25,2.75,29.0,23286.5,38.916666666666664,6.333333333333337,33.793410855220806,226,-76.75,-9.25,-4.5,23.5,23287.5,872.9166666666666,41.58333333333336,4.928767993947442,226,-61.25,-44.5,16.0,20.5,23284.5,607.0,10.916666666666666,-26.97271617784181,226,-57.75,-21.25,3.0,20.5,23284.5,6.249999999999997,12.916666666666666,-17.88222679136822
90.0,161.7310087173101,227,-64.0,22.666666666666668,13.0,17.333333333333332,23290.0,1344.3333333333335,13.0,34.120576736536066,227,-65.0,-26.25,-4.25,17.75,23291.5,229.58333333333334,0.6666666666666643,4.069322082328548,227,-71.5,-14.5,-12.0,23.75,23288.5,1316.3333333333333,133.66666666666666,-28.326943631182978,227,-62.0,-17.0,-2.5,23.75,23288.5,71.33333333333333,6.666666666666664,-15.90495658554885
90.0,147.72104607721047,228,-63.4,5.8,-4.4,16.0,23294.0,2753.2,7.300000000000001,34.42939312184841,228,-68.0,23.0,-10.25,22.75,23295.5,1548.0,42.0,3.231666377739391,228,-63.25,-32.0,-11.5,13.75,23292.5,18.0,6.249999999999994,-29.70061570842922,228,-68.25,-15.5,0.25,13.75,23292.5,33.666666666666664,14.916666666666666,-13.647868201659032
90.0,133.7110834371108,229,-62.5,-6.75,-3.75,21.0,23298.5,2784.25,39.0,34.72134510489157,229,-67.25,-8.75,-8.75,20.75,23299.5,482.9166666666667,21.58333333333334,2.415327271915261,229,-63.75,-17.25,-12.25,25.5,23296.5,2188.9166666666665,22.25,-31.09254233314659,229,-60.25,-11.25,3.25,25.5,23296.5,15.583333333333336,24.25,-11.05577735628672
90.0,119.70112079701119,230,-66.33333333333333,29.0,9.333333333333334,19.0,23302.0,151.0,8.33333333333334,34.99776341663373,230,-67.25,0.25,-7.5,17.5,23303.5,182.91666666666666,24.25,1.619820317545309,230,-67.0,-30.75,-12.75,17.75,23300.5,204.91666666666666,68.6666666666667,-32.50141556617429,230,-54.75,-11.25,0.0,17.75,23300.5,18.916666666666668,30.916666666666675,-8.061494957503964
90.0,105.69115815691157,231,-61.8,26.0,-0.2,21.8,23306.0,1776.5,9.7,35.2598437626696,231,-66.75,10.5,0.5,21.25,23307.5,159.0,18.25,0.8446533315531318,231,-65.75,-12.0,-8.25,21.5,23304.5,2455.3333333333335,12.250000000000005,-33.92581362061037,231,-52.0,-5.25,8.75,21.5,23304.5,24.249999999999996,15.333333333333334,-4.584355273810201
90.0,91.68119551681195,232,-63.75,23.25,4.25,5.75,23310.5,1710.25,14.916666666666666,35.50866335562073,232,-68.75,31.5,0.5,2.5,23311.5,1527.0,6.250000000000008,0.08932917538047984,232,-65.25,-36.5,14.75,14.0,23308.5,33.666666666666664,10.916666666666663,-35.36420660850192,232,-51.75,-2.25,6.25,14.0,23308.5,39.583333333333336,25.583333333333325,-0.5301740674291012
101.28205128205128,90.0,233,-65.75,50.0,-7.5,9.25,23314.5,428.0,15.583333333333329,34.377059509576334,233,-64.0,-14.0,-9.25,9.5,23315.5,215.33333333333334,2.6666666666666665,-0.604827412585259,233,-64.75,-30.0,13.75,3.5,23312.5,38.666666666666664,26.91666666666666,-35.33953236649951,233,-58.5,2.75,11.0,3.5,23312.5,10.25,19.666666666666668,3.3754651863028737
114.1025641025641,90.0,234,-63.5,11.5,-2.0,17.25,23318.5,1965.6666666666667,17.66666666666665,33.06884378266292,234,-66.25,1.0,-1.0,17.0,23319.5,214.66666666666666,64.91666666666667,-1.3076416062408769,234,-63.25,-32.5,21.0,9.25,23316.5,293.6666666666667,24.916666666666675,-35.10415122896758,234,-54.75,4.0,1.0,9.25,23316.5,4.666666666666667,1.5833333333333315,6.7348932695035355
126.92307692307692,90.0,235,-64.25,37.25,13.75,13.5,23322.5,26.25,47.583333333333336,31.773128436034668,235,-68.5,-25.25,-21.25,19.0,23323.5,864.9166666666669,26.999999999999982,-2.027322700500194,235,-66.0,-29.5,6.25,21.5,23320.5,59.66666666666668,28.000000000000004,-34.857136321237284,235,-57.5,10.25,1.75,21.5,23320.5,8.25,19.666666666666668,9.659893078442344
139.74358974358972,90.0,236,-65.66666666666667,25.0,-10.0,24.0,23326.0,453.0,64.3333333333333,30.491040345152474,236,-61.25,-18.25,-11.25,20.0,23327.5,144.91666666666666,7.583333333333331,-2.764249829263135,236,-63.75,-39.75,1.5,20.25,23324.5,60.91666666666666,74.91666666666664,-34.59761318918925,236,-58.25,14.0,-1.5,20.25,23324.5,52.666666666666664,32.916666666666664,12.21697857579229
152.56410256410254,90.0,237,-67.4,8.6,-4.4,14.6,23330.0,976.8000000000001,64.79999999999997,29.223628316080504,237,-68.0,19.25,10.25,18.25,23331.5,532.25,8.666666666666679,-3.5187976798328116,237,-64.25,-43.75,-9.25,16.0,23328.5,696.9166666666666,80.91666666666669,-34.3246185820586,237,-58.0,10.75,-2.75,16.0,23328.5,32.25,31.33333333333334,14.462966805584058
165.38461538461536,90.0,238,-64.25,22.5,-1.0,18.25,23334.5,611.0,12.916666666666671,27.971859926691387,238,-68.5,-18.0,10.75,12.25,23335.5,1256.6666666666667,13.666666666666666,-4.291334612539485,238,-71.75,-33.0,4.75,23.5,23332.5,100.66666666666667,20.249999999999982,-34.03708904314688,238,-55.5,26.25,1.0,23.5,23332.5,11.58333333333333,25.00000000000001,16.445584443496635
178.2051282051282,90.0,239,-66.33333333333333,33.666666666666664,11.0,7.0,23338.0,4.33333333333333,26.333333333333353,26.736619375214293,239,-67.25,0.0,-10.25,10.75,23339.5,710.6666666666666,39.58333333333335,-5.082220586226928,239,-66.5,-32.25,19.5,5.0,23336.5,135.58333333333334,41.666666666666664,-33.733847722304944,239,-64.5,20.5,-0.5,5.0,23336.5,109.66666666666667,51.0,18.20458219719102
191.02564102564102,90.0,240,-65.6,20.4,-2.8,21.0,23342.0,190.8,29.300000000000015,25.518706299190796,240,-61.75,6.0,2.25,25.5,23343.5,569.9999999999999,10.916666666666666,-5.891804880991661,240,-68.25,-43.75,17.25,13.5,23340.5,471.5833333333333,9.58333333333333,-33.41358908400636,240,-60.5,29.0,-0.25,13.5,23340.5,168.66666666666666,43.00000000000001,19.772955690837897
203.84615384615384,90.0,241,-67.25,11.75,2.75,27.5,23346.5,20.916666666666668,44.25,24.318835510705572,241,-66.0,8.0,-14.666666666666666,26.666666666666668,23347.0,673.0,48.0,-6.720423610946344,241,-58.75,-42.0,-32.75,26.75,23344.5,64.66666666666664,14.25,-33.07486111605756,241,-57.25,19.75,-4.75,26.75,23344.5,160.25,34.25000000000001,21.17808924196129
216.66666666666666,90.0,242,-61.666666666666664,30.333333333333332,-2.0,17.333333333333332,23351.0,82.33333333333333,12.333333333333334,23.13763757971355,242,-62.75,9.25,3.25,19.25,23351.5,1446.9166666666667,8.25,-7.568397021589437,242,-66.0,-11.0,-9.0,2.0,23350.0,,,-32.716044558892854,242,-60.666666666666664,25.0,6.333333333333333,21.0,23348.333333333332,49.0,6.3333333333333375,22.442753365294337
229.48717948717947,90.0,243,-58.25,3.0,1.0,28.25,23354.5,960.6666666666669,16.250000000000004,21.975660186525126,243,-61.25,-24.75,9.0,29.5,23355.5,458.9166666666667,20.250000000000004,-8.436026568654675,243,-63.5,-20.5,18.75,26.75,23352.5,118.33333333333333,57.666666666666686,-32.33532856968912,243,-55.25,29.75,8.25,26.75,23352.5,99.58333333333331,4.9166666666666625,23.585942596152528
242.3076923076923,90.0,244,-59.0,3.0,10.5,21.25,23358.5,1262.0,10.000000000000005,20.833370157014514,244,-63.5,-12.0,3.75,16.0,23359.5,596.6666666666667,13.666666666666671,-9.323591778138027,244,-58.75,-51.25,10.5,28.0,23356.5,313.5833333333333,26.25000000000001,-31.930682103717835,244,-62.0,27.5,-7.25,28.0,23356.5,12.333333333333334,18.0,24.62356478616362
255.1282051282051,90.0,245,-61.0,8.0,7.0,24.0,23362.5,1506.0,40.666666666666664,19.71115608972898,245,-64.33333333333333,-27.666666666666668,-2.6666666666666665,24.666666666666668,23363.333333333332,190.33333333333331,25.33333333333335,-10.231346890603659,245,-67.5,-24.0,-9.25,17.0,23360.5,90.00000000000001,59.666666666666664,-31.49982013036435,245,-61.75,51.25,29.75,17.0,23360.5,341.5833333333333,8.25,25.569001885830108
267.9487179487179,90.0,246,-60.0,-8.0,-3.3333333333333335,19.666666666666668,23366.0,471.0,13.0,18.609331482534024,246,-66.0,-14.0,-7.75,24.5,23367.5,58.00000000000001,23.33333333333334,-11.159517296892124,246,-68.5,-53.0,-24.5,24.0,23364.5,472.6666666666667,11.666666666666666,-31.040163593982186,246,-71.0,26.333333333333332,-7.666666666666667,21.666666666666668,23364.0,212.33333333333334,1.0,26.433563675230744
280.7692307692307,90.0,247,-66.8,25.2,3.4,20.2,23370.0,272.69999999999993,9.200000000000001,17.528138267397445,247,-62.75,-4.25,4.25,20.75,23371.5,328.9166666666667,2.249999999999997,-12.108295777023159,247,-67.0,-21.0,2.75,24.0,23368.5,11.333333333333334,12.666666666666666,-30.548791768486346,247,-61.333333333333336,44.666666666666664,-2.0,22.333333333333332,23368.0,154.33333333333331,26.333333333333336,27.226854180133323
293.58974358974353,90.0,248,-63.25,6.0,2.75,23.5,23374.5,248.0,15.58333333333332,16.467750665004065,248,-60.5,-20.75,-10.0,17.0,23375.5,18.250000000000004,41.666666666666664,-13.07783855940975,248,-61.5,-26.25,8.5,16.75,23372.5,54.25,66.99999999999999,-30.02238532420336,248,-61.0,45.75,1.0,16.75,23372.5,318.9166666666667,7.333333333333336,27.957067697292057
306.41025641025635,90.0,249,-66.66666666666667,5.666666666666667,6.0,7.666666666666667,23378.0,154.33333333333331,74.33333333333334,15.42827927569966,249,-66.75,-18.5,2.5,19.5,23379.5,22.33333333333333,47.58333333333334,-14.068261223472193,249,-66.5,-35.75,-5.75,18.75,23376.5,120.91666666666667,21.666666666666668,-29.457158006564978,249,-63.25,20.5,0.25,18.75,23376.5,1687.0,4.9166666666666625,28.631228411594076
315.0,95.06998975759645,250,-62.0,-1.8,12.2,25.0,23382.0,710.7,28.5,14.507782006838138,250,-65.25,-11.25,1.25,20.75,23383.5,148.25,54.25,-14.507782006838138,250,-56.5,-28.0,5.0,18.5,23380.5,36.666666666666664,1.000000000000001,-28.205687406874056,250,-61.0,24.75,-2.0,18.5,23380.5,346.25,22.0,28.205687406874056
315.0,110.4335950836463,251,-59.0,-44.333333333333336,8.333333333333334,26.0,23386.0,905.3333333333334,1.0,13.772623967871718,251,-61.0,-22.0,-15.25,23.75,23387.5,40.66666666666667,8.666666666666666,-13.772623967871718,251,-54.25,-24.5,1.0,25.0,23384.5,14.333333333333334,4.916666666666667,-25.68020920230711,251,-61.25,30.0,4.75,25.0,23384.5,422.0,1.583333333333334,25.680209202307086
315.0,125.79720040969613,252,-60.333333333333336,10.333333333333334,-3.3333333333333335,18.666666666666668,23390.0,165.33333333333334,30.333333333333336,13.004975450124268,252,-63.25,-15.75,4.25,23.75,23391.5,114.91666666666664,52.916666666666664,-13.004975450124268,252,-61.75,-21.0,4.75,21.25,23388.5,18.000000000000004,16.916666666666675,-23.230397135338755,252,-62.25,20.5,8.25,21.25,23388.5,278.3333333333333,3.5833333333333317,23.230397135338755
315.0,141.16080573574598,253,-63.6,8.2,1.6,17.0,23394.0,133.7,19.299999999999997,12.202928626805528,253,-66.5,-16.75,-3.75,8.75,23395.5,62.916666666666664,59.666666666666664,-12.202928626805528,253,-59.25,-17.25,5.25,18.75,23392.5,24.250000000000004,14.25,-20.861439154954223,253,-60.75,21.5,1.0,18.75,23392.5,49.00000000000001,49.583333333333336,20.861439154954247
315.0,156.52441106179583,254,-62.0,17.0,4.25,14.5,23398.5,54.0,0.6666666666666679,11.364454891237129,254,-59.5,-15.25,-2.25,23.0,23399.5,120.25,12.333333333333334,-11.364454891237129,254,-64.25,-15.5,6.0,11.0,23396.5,15.0,20.25,-18.57708557861899,254,-68.25,25.25,-1.5,11.0,23396.5,14.25,79.58333333333333,18.57708557861899
315.0,171.88801638784568,255,-65.66666666666667,12.333333333333334,1.6666666666666667,26.666666666666668,23402.0,80.33333333333333,25.333333333333336,10.487399723194477,255,-59.75,-14.0,-3.75,20.25,23403.5,92.0,21.58333333333333,-10.487399723194452,255,-61.5,-12.25,13.25,28.75,23400.5,18.916666666666668,31.0,-16.37975157178842,255,-62.25,1.0,-4.75,28.75,23400.5,364.6666666666667,16.916666666666668,16.37975157178842
315.0,187.25162171389553,256,-66.4,20.4,10.8,25.6,23406.0,41.30000000000001,143.79999999999998,9.569478247259667,256,-63.75,-10.5,-3.0,30.75,23407.5,47.0,12.916666666666652,-9.569478247259667,256,-60.75,-19.75,-2.0,20.25,23404.5,50.25,43.58333333333334,-14.270650651269463,256,-68.0,16.25,-3.25,20.25,23404.5,114.91666666666664,76.66666666666667,14.270650651269463
315.0,202.61522703994535,257,-64.5,6.75,-0.75,23.75,23410.5,2.2500000000000004,33.666666666666664,8.608271805010483,257,-63.5,-3.5,6.25,18.75,23411.5,56.33333333333334,29.666666666666668,-8.608271805010483,257,-62.25,-11.25,-2.5,22.0,23408.5,150.91666666666666,44.91666666666666,-12.249946139584358,257,-65.0,12.75,-2.0,22.0,23408.5,112.91666666666667,32.666666666666664,12.249946139584384
315.0,217.9788323659952,258,-60.75,9.5,0.5,17.75,23414.5,11.000000000000002,26.916666666666675,7.6012259453670765,258,-64.5,-8.75,1.0,24.25,23415.5,6.25,41.0,-7.6012259453670765,258,-59.75,-13.25,-3.5,21.75,23412.5,194.91666666666666,14.916666666666666,-10.316909319301162,258,-64.0,25.0,-2.25,21.75,23412.5,38.0,15.333333333333341,10.316909319301189
315.0,233.34243769204505,259,-63.75,8.0,3.0,11.5,23418.5,146.66666666666666,1.583333333333335,6.54565033551193,259,-63.0,-0.25,3.5,6.75,23419.5,56.916666666666664,4.666666666666667,-6.54565033551193,259,-64.5,-9.5,0.0,21.5,23416.5,65.0,115.66666666666663,-8.470075358977908,259,-62.25,-1.0,-0.25,21.5,23416.5,15.333333333333334,10.250000000000002,8.470075358977908
315.0,248.7060430180949,260,-63.666666666666664,13.666666666666666,3.0,17.0,23422.0,8.333333333333332,16.33333333333333,5.438721209722441,260,-62.25,-5.5,0.5,18.0,23423.5,41.0,46.916666666666664,-5.438721209722441,260,-60.25,-9.5,-3.0,11.0,23420.5,46.333333333333336,9.58333333333333,-6.707390504292517,260,-65.25,-1.25,2.5,11.0,23420.5,228.25,38.24999999999999,6.707390504292517
315.0,264.06964834414475,261,-61.2,5.4,6.0,21.6,23426.0,95.8,10.2,4.2774871056480785,261,-63.25,0.5,6.5,21.75,23427.5,20.333333333333332,22.25,-4.277487105648053,261,-63.5,-5.25,3.75,19.0,23424.5,56.916666666666664,41.666666666666664,-5.026346268699872,261,-68.5,9.5,0.75,19.0,23424.5,63.0,8.333333333333327,5.026346268699872
315.0,279.43325367019463,262,-60.75,-3.75,6.75,15.0,23430.5,294.25,31.583333333333332,3.0588787861220057,262,-63.25,3.75,-0.5,19.75,23431.5,24.916666666666668,48.916666666666664,-3.05887878612198,262,-61.25,-3.5,1.75,16.75,23428.5,3.0,34.91666666666668,-3.424098256206617,262,-65.75,-0.5,7.25,16.75,23428.5,189.66666666666666,6.916666666666667,3.424098256206617
315.0,294.7968589962444,263,-65.75,0.5,7.75,25.75,23434.5,16.333333333333336,8.250000000000005,1.7797244064625162,263,-64.25,-0.25,0.0,18.25,23435.5,52.25,34.916666666666664,-1.7797244064624906,263,-62.5,-0.25,3.25,23.5,23432.5,9.583333333333334,23.0,-1.8975687405397275,263,-63.5,5.0,0.25,23.5,23432.5,78.0,46.333333333333336,1.8975687405397021
315.0,310.1604643222943,264,-62.0,4.0,1.75,16.0,23438.5,23.333333333333332,19.333333333333325,0.43677115613699524,264,-60.5,2.25,-5.25,14.5,23439.5,14.91666666666667,33.0,-0.43677115613699524,264,-64.0,-12.75,-6.5,14.0,23436.5,64.91666666666667,2.0,-0.44353321456375416,264,-66.5,29.0,10.25,14.0,23436.5,940.6666666666666,65.00000000000001,0.44353321456375416
315.0,325.52406964834415,265,-70.0,2.0,-2.0,3.6666666666666665,23442.0,73.0,49.0,-0.9732852311935557,265,-69.5,-0.5,-7.25,7.75,23443.5,13.666666666666666,35.666666666666686,0.9732852311935811,265,-66.75,-3.5,-6.25,15.5,23440.5,9.666666666666668,14.25,0.9413081432560749,265,-64.75,-6.0,-4.0,15.5,23440.5,390.6666666666667,49.58333333333334,-0.9413081432560749
315.0,340.887674974394,266,-65.25,2.0,-5.25,15.0,23445.5,111.33333333333333,68.91666666666664,-2.4537615608803467,266,-61.25,3.75,-8.75,16.75,23447.5,37.583333333333336,19.583333333333325,2.453761560880372,266,-67.0,1.5,-5.75,9.5,23444.5,187.0,131.33333333333337,2.260272697767051,266,-62.5,5.25,4.0,9.5,23444.5,196.25,16.999999999999996,-2.260272697767051
315.0,356.2512803004438,267,-64.0,-6.0,-2.8,16.8,23450.0,14.5,48.5,-4.007937216857129,267,-61.0,-5.0,-17.75,18.0,23451.5,417.99999999999994,11.333333333333329,4.007937216857104,267,-62.25,0.75,-4.5,16.25,23448.5,26.91666666666666,5.583333333333331,3.5166496769755593,267,-65.25,3.75,8.0,16.25,23448.5,1135.5833333333333,15.583333333333337,-3.516649676975534
315.0,371.6148856264937,268,-67.0,-11.75,-9.5,18.0,23454.5,33.583333333333336,92.66666666666663,-5.638991502820516,268,-58.25,6.0,-8.25,14.75,23455.5,20.666666666666668,24.916666666666668,5.638991502820516,268,-65.0,3.25,3.75,19.5,23452.5,218.91666666666666,22.0,4.713664922629344,268,-65.75,4.75,-3.5,19.5,23452.5,2021.5833333333333,22.916666666666675,-4.713664922629369
315.0,386.9784909525435,269,-62.666666666666664,-6.333333333333333,4.0,7.666666666666667,23458.0,114.33333333333333,6.333333333333329,-7.349926738884213,269,-66.5,7.0,2.5,20.0,23459.5,32.666666666666664,76.33333333333331,7.349926738884239,269,-64.25,11.5,4.5,13.0,23456.5,69.66666666666667,20.91666666666666,5.854454463784154,269,-67.5,23.75,5.0,13.0,23456.5,944.25,11.0,-5.854454463784154
315.0,402.3420962785934,270,-61.5,-3.0,2.25,24.5,23461.5,58.00000000000001,9.666666666666664,-9.143475859535378,270,-61.333333333333336,11.333333333333334,2.3333333333333335,24.333333333333332,23463.333333333332,108.33333333333333,20.333333333333343,9.143475859535352,270,-66.75,0.75,-9.0,22.25,23460.5,24.916666666666668,54.91666666666666,6.942045424580433,270,-66.25,30.5,8.0,22.25,23460.5,198.33333333333334,40.25,-6.9420454245804075
315.0,417.7057016046432,271,-60.75,-18.0,-0.75,21.25,23466.5,113.33333333333333,44.25000000000001,-11.021993799593528,271,-59.5,10.0,-9.5,13.5,23467.5,6.0,1.6666666666666667,11.021993799593528,271,-60.0,20.333333333333332,12.0,28.333333333333332,23464.666666666668,142.33333333333331,3.0,7.979342931954332,271,-62.333333333333336,32.333333333333336,11.666666666666666,28.333333333333332,23464.666666666668,1124.3333333333335,9.333333333333329,-7.979342931954358
315.0,433.069306930693,272,-62.666666666666664,-18.333333333333332,18.0,12.666666666666666,23470.0,146.33333333333331,37.333333333333336,-12.98733281286687,272,-63.0,15.5,-8.5,11.75,23471.5,113.66666666666667,4.666666666666668,12.98733281286687,272,-61.75,11.25,-7.75,12.0,23468.5,137.58333333333331,19.583333333333343,8.969121857161992,272,-69.75,2.5,-2.5,12.0,23468.5,1805.6666666666667,58.25,-8.969121857162017
315.0,448.43291225674295,273,-58.4,-19.8,0.6,19.4,23474.0,183.7,9.300000000000002,-15.04070310289785,273,-62.75,18.0,-1.5,22.5,23475.5,98.0,34.916666666666664,15.04070310289785,273,-62.5,19.0,0.0,10.5,23472.5,90.0,9.666666666666663,9.914022392290041,273,-70.25,-10.5,2.0,10.5,23472.5,881.6666666666666,100.91666666666663,-9.914022392290066
315.0,463.7965175827927,274,-64.25,-21.75,5.0,7.5,23478.5,66.91666666666667,4.91666666666667,-17.182521789793423,274,-58.75,26.25,7.0,10.0,23479.5,120.91666666666667,27.58333333333334,17.182521789793423,274,-60.5,12.0,11.0,20.25,23476.5,3368.6666666666665,37.66666666666668,10.816548620401162,274,-65.25,34.0,-6.0,20.25,23476.5,69.99999999999999,38.916666666666664,-10.816548620401136
315.0,479.1601229088426,275,-62.0,-45.0,-4.0,8.666666666666666,23482.0,679.0,61.0,-19.41225527416155,275,-56.75,23.75,-2.25,11.0,23483.5,10.25,12.91666666666667,19.412255274161524,275,-68.5,18.25,2.75,8.75,23480.5,244.25,33.0,11.679069380685316,275,-71.5,15.25,-15.5,8.75,23480.5,70.91666666666667,99.0,-11.679069380685291
315.0,494.5237282348924,276,-61.0,-27.2,-2.2,14.6,23486.0,98.20000000000002,62.99999999999999,-21.72826239178156,276,-56.5,35.75,4.75,13.0,23487.5,38.249999999999986,9.0,21.72826239178156,276,-70.5,20.5,11.5,12.0,23484.5,1983.0,48.99999999999997,12.503820855812434,276,-71.25,28.75,0.0,12.0,23484.5,163.58333333333331,28.916666666666647,-12.503820855812434
315.0,509.88733356094224,277,-59.75,-31.25,17.0,11.25,23490.5,239.58333333333334,6.916666666666667,-24.127648177209984,277,-63.25,24.25,0.0,9.0,23491.5,10.91666666666667,0.25,24.12764817720996,277,-68.75,19.5,-5.0,12.25,23488.5,1593.0,27.583333333333343,13.292910417272736,277,-65.75,33.0,3.5,12.25,23488.5,66.00000000000001,34.91666666666668,-13.292910417272711
315.0,525.2509388869921,278,-58.666666666666664,-31.0,6.666666666666667,4.666666666666667,23494.0,64.0,52.33333333333333,-26.60614024457476,278,-65.25,25.75,-2.25,17.25,23495.5,94.91666666666667,90.91666666666667,26.60614024457476,278,-61.25,-6.75,11.5,7.75,23492.5,1022.9166666666666,2.9166666666666665,14.04832135664424,278,-71.0,25.0,11.0,7.75,23492.5,660.6666666666666,26.666666666666668,-14.04832135664424
315.4288164665523,537.541823147832,279,-62.166666666666664,-30.833333333333332,-1.5,21.666666666666668,23497.666666666668,96.56666666666669,78.56666666666669,-28.663136960849418,279,-63.5,35.0,1.5,13.25,23499.5,118.0,40.33333333333334,29.029842805627236,279,-57.25,14.75,-10.25,19.25,23496.5,113.58333333333333,9.583333333333336,14.784316517417892,279,-62.25,0.25,19.5,19.25,23496.5,2640.25,18.916666666666668,-14.702842946249666
328.37907375643226,540.0,280,-68.0,-1.6666666666666667,10.666666666666666,10.666666666666666,23502.0,4508.333333333333,49.0,-29.673113042125713,280,-58.5,28.75,-4.0,18.5,23503.5,118.25,3.0,28.385539318228957,280,-59.0,18.25,-13.0,11.5,23500.5,52.916666666666664,4.666666666666667,15.814140420656159,280,-66.25,-10.0,-2.25,11.5,23500.5,668.6666666666666,14.916666666666677,-13.695822640994773
341.2435677530017,540.0,281,-64.25,-19.75,21.25,17.0,23505.5,3582.916666666666,51.58333333333334,-30.225183415656247,281,-68.25,32.75,9.75,15.75,23507.5,860.9166666666666,32.24999999999998,27.688716475625103,281,-62.0,35.5,-8.25,20.5,23504.5,349.6666666666667,17.999999999999996,16.865063289158744,281,-66.75,2.0,-0.75,20.5,23504.5,59.333333333333336,38.25000000000002,-12.709875851573987
351.96397941680954,540.0,282,-63.666666666666664,-16.333333333333332,2.1666666666666665,19.833333333333332,23509.666666666668,1666.6666666666665,8.26666666666666,-30.65636672203727,282,-65.75,33.75,8.5,18.0,23511.5,212.25,15.583333333333337,26.932913717288816,282,-57.25,25.0,-8.75,17.0,23508.5,156.0,0.25,17.937011359895454,282,-66.25,9.0,5.5,17.0,23508.5,38.0,24.91666666666666,-11.744913624345015
366.97255574614064,540.0,283,-64.0,10.0,28.0,8.0,23514.0,2888.0,8.0,-31.22019010057296,283,-63.666666666666664,-5.666666666666667,4.666666666666667,6.666666666666667,23516.0,2370.333333333333,6.333333333333329,26.11061178667295,283,-60.666666666666664,11.333333333333334,-0.3333333333333333,19.333333333333332,23512.0,37.33333333333333,6.3333333333333375,19.029849042099425,283,-62.0,-3.0,5.0,19.333333333333332,23512.0,76.0,4.0,-10.800803140731336
379.8370497427101,540.0,284,-62.25,-11.25,2.25,17.75,23517.5,1704.9166666666667,10.25,-31.669956515804564,284,-60.25,31.25,-2.25,17.5,23519.5,279.5833333333333,10.916666666666664,25.21301865957171,284,-57.5,38.75,3.75,12.5,23516.5,62.916666666666664,14.333333333333337,20.143374646498096,284,-65.0,12.75,-8.5,12.5,23516.5,1814.9166666666663,15.333333333333336,-9.877371969547294
390.55746140651803,540.0,285,-63.5,-27.0,-14.5,16.666666666666668,23521.666666666668,2058.4,33.1,-32.023302813145925,285,-59.25,26.0,4.25,23.0,23523.5,142.0,38.24999999999999,24.229805340423457,285,-61.0,30.5,6.0,15.75,23520.5,115.0,27.33333333333334,21.277316306046632,285,-67.0,-11.75,1.0,15.75,23520.5,74.91666666666667,65.99999999999999,-8.974412177418177
405.566037735849,540.0,286,-71.33333333333333,-24.333333333333332,-1.3333333333333333,9.666666666666666,23526.0,281.33333333333337,9.333333333333343,-32.488127420633305,286,-58.75,23.25,5.25,10.5,23527.5,44.25,30.25000000000001,23.148778937835896,286,-59.25,32.0,15.0,20.75,23524.5,72.66666666666667,6.916666666666662,22.431328169951833,286,-66.25,-14.25,-4.25,20.75,23524.5,100.25,3.5833333333333393,-8.09168426955193
418.4305317324185,540.0,287,-64.6,-27.8,19.4,16.6,23530.0,286.7,35.30000000000002,-32.86122032798415,287,-56.25,23.75,0.25,21.75,23531.5,16.916666666666668,6.25,21.95547755452163,287,-57.5,27.25,11.75,12.25,23528.5,102.91666666666669,11.666666666666663,23.604986958588576,287,-67.5,-2.5,-2.75,12.25,23528.5,39.0,17.0,-7.228920939647566
431.2950257289879,540.0,288,-66.33333333333333,1.3333333333333333,10.666666666666666,18.666666666666668,23534.0,1936.3333333333333,50.333333333333314,-33.21301291619676,288,-58.25,14.25,0.0,13.75,23535.5,8.25,31.583333333333332,20.632668484362963,288,-58.75,37.0,14.75,17.0,23532.5,90.0,20.25,24.797788971220122,288,-63.25,-27.25,-13.5,17.0,23532.5,361.5833333333333,34.25,-6.385830613608089
444.15951972555746,540.0,289,-62.0,-48.0,0.6666666666666666,10.333333333333334,23537.333333333332,181.0,13.0,-33.54525425557763,289,-58.333333333333336,18.666666666666668,2.6666666666666665,11.333333333333334,23540.0,72.33333333333333,5.333333333333329,19.159728593669076,289,-55.666666666666664,41.333333333333336,4.666666666666667,17.666666666666668,23536.0,52.33333333333333,30.333333333333343,26.00914764080266,289,-63.5,22.5,23.0,15.0,23536.0,1012.5,24.5,-5.5621007769350514
457.02401372212694,540.0,290,-66.0,2.0,9.5,18.5,23541.5,3168.6666666666665,6.666666666666671,-33.85950955697695,290,-57.75,15.25,0.25,16.75,23543.5,9.583333333333334,10.916666666666666,17.511884934794942,290,-57.5,41.5,8.25,12.0,23540.5,11.0,6.999999999999996,27.23839173017613,290,-72.25,-7.25,-12.25,12.0,23540.5,34.916666666666664,34.91666666666667,-4.757401080215662
467.7444253859348,540.0,291,-67.33333333333333,-38.333333333333336,9.0,13.166666666666666,23545.666666666668,618.2666666666667,87.8666666666667,-34.108667325478535,291,-57.25,14.25,-0.75,12.25,23547.5,14.25,3.5833333333333317,15.659297470829811,291,-59.5,38.5,0.0,15.0,23544.5,88.33333333333333,5.666666666666667,28.484764261234748,291,-65.5,1.75,-11.5,15.0,23544.5,17.583333333333332,47.0,-3.971386220990834
482.75300171526595,540.0,292,-68.33333333333333,-8.666666666666666,-10.0,16.333333333333332,23550.0,5270.333333333333,92.33333333333334,-34.439539510746556,292,-58.25,14.0,2.5,19.75,23551.5,22.0,10.25,13.56598004446823,292,-59.0,32.75,-2.0,19.5,23548.5,18.916666666666668,11.999999999999998,29.747422262903903,292,-62.5,-8.75,-7.0,19.5,23548.5,4.916666666666665,27.666666666666668,-3.203698603546276
495.6174957118353,540.0,293,-62.0,-41.0,8.0,16.25,23553.5,530.0,8.666666666666666,-34.70771787833474,293,-58.75,5.25,-0.75,18.5,23555.5,30.91666666666666,6.916666666666662,11.188591494315261,293,-68.25,26.75,3.0,13.75,23552.5,118.25,8.916666666666668,31.025437414702093,293,-67.5,-7.0,-12.75,13.75,23552.5,96.66666666666667,20.333333333333346,-2.4539707808443145
506.3379073756432,540.0,294,-66.83333333333333,-3.0,-24.5,17.833333333333332,23557.666666666668,4008.4,59.76666666666663,-34.92111626134262,294,-61.0,3.0,0.0,14.75,23559.5,12.666666666666666,8.66666666666666,8.47520649674774,294,-65.5,26.5,2.5,19.75,23556.5,16.333333333333332,70.33333333333336,32.317797650224804,294,-66.75,-5.5,-8.5,19.75,23556.5,447.0,67.58333333333333,-1.721827684960483
521.3464837049743,540.0,295,-66.33333333333333,-31.666666666666668,4.0,15.0,23562.0,57.33333333333333,56.333333333333314,-35.20556791536603,295,-64.25,0.5,2.5,16.25,23563.5,0.3333333333333333,24.916666666666647,5.3643304364062425,295,-68.5,26.0,3.0,18.75,23560.5,394.0,19.66666666666666,33.62340976909116,295,-70.75,19.0,-4.75,18.75,23560.5,36.666666666666664,98.24999999999999,-1.006888654062774
534.2109777015437,540.0,296,-73.6,-46.2,0.8,9.0,23566.0,630.7,102.80000000000003,-35.43702242228501,296,-65.75,-4.5,1.75,7.5,23567.5,9.666666666666666,21.58333333333333,1.784708589341955,296,-64.75,19.5,4.25,9.5,23564.5,1599.0,10.916666666666666,34.94110308696194,296,-59.75,-9.0,22.5,9.5,23564.5,412.6666666666667,3.5833333333333353,-0.30876926522599557
540.0,530.6018606417315,297,-65.5,-29.0,-5.0,10.5,23570.5,139.33333333333334,17.666666666666668,-34.57027733063346,297,-60.5,-0.5,5.0,8.25,23571.5,55.0,4.333333333333333,-2.84074818048384,297,-73.0,21.5,-2.25,9.75,23568.5,23.0,15.999999999999991,35.37318903194641,297,-64.0,-3.0,-4.0,9.75,23568.5,118.66666666666667,9.999999999999998,0.5029506386860966
540.0,513.5143345357889,298,-69.0,-25.333333333333332,-5.333333333333333,2.6666666666666665,23574.0,49.33333333333333,52.0,-32.82701316931473,298,-66.75,-8.75,13.75,9.75,23575.5,19.583333333333332,10.25,-7.309347800718322,298,-75.33333333333333,34.333333333333336,-4.666666666666667,7.333333333333333,23573.0,44.33333333333332,57.333333333333364,35.05914092496613,298,-64.5,-1.75,-3.5,6.25,23572.5,12.25,13.666666666666673,1.4401296806377484
540.0,496.42680842984623,299,-63.5,-30.25,5.25,20.0,23577.5,103.58333333333331,71.0,-31.10632871206697,299,-66.0,-2.25,20.5,28.75,23579.5,340.9166666666667,11.333333333333343,-11.0283871403543,299,-65.25,46.5,5.25,12.5,23576.5,379.0,0.9166666666666666,34.724139355067486,299,-65.0,23.0,0.75,12.5,23576.5,1216.6666666666667,9.999999999999988,2.407396853953728
540.0,482.1872033415607,300,-61.166666666666664,-30.666666666666668,15.166666666666666,28.666666666666668,23581.666666666668,148.66666666666666,7.766666666666663,-29.691558848782325,300,-62.5,-13.75,2.75,18.25,23583.5,678.9166666666666,14.999999999999995,-14.147226036659896,300,-61.0,39.5,7.25,31.75,23580.5,17.0,48.666666666666664,34.36604029371304,300,-58.0,-20.75,-11.75,31.75,23580.5,4.916666666666667,14.000000000000005,3.4056461898722206
540.0,462.2517562179608,301,-63.333333333333336,-37.333333333333336,4.333333333333333,15.333333333333334,23586.0,142.33333333333334,17.333333333333336,-27.742859702888424,301,-65.0,-10.5,27.5,26.75,23587.5,181.66666666666666,6.666666666666667,-16.78562846739802,301,-64.5,30.0,4.25,15.75,23584.5,27.33333333333333,13.666666666666666,33.98240079597818,301,-68.75,-6.75,-9.5,15.75,23584.5,134.25,24.916666666666647,4.435754606777121
540.0,445.16423011201823,302,-63.25,-27.25,-2.5,29.5,23589.5,2.25,50.91666666666668,-26.104516357783293,302,-65.25,-16.5,2.0,22.75,23591.5,43.0,27.583333333333343,-19.037681341155967,302,-63.0,44.75,5.0,30.25,23588.5,144.91666666666666,31.33333333333333,33.57042581595148,302,-63.5,21.75,1.0,30.25,23588.5,612.9166666666666,41.666666666666664,5.498573439941061
540.0,431.49420922726404,303,-59.6,-35.0,25.8,19.0,23593.2,46.50000000000001,12.800000000000002,-24.816404865167705,303,-65.25,-12.0,11.75,22.25,23595.5,70.66666666666666,38.916666666666664,-20.97680731614219,303,-63.5,20.5,-6.0,21.25,23592.5,1695.0,6.333333333333332,33.12690344649046,303,-58.25,17.0,-4.5,21.25,23592.5,48.666666666666664,14.25,6.59491884286277
540.0,410.98917790013286,304,-59.25,-24.25,3.5,21.0,23597.5,66.25,20.249999999999996,-22.923726131907042,304,-66.0,-14.75,16.25,15.25,23599.5,2612.9166666666665,6.000000000000003,-22.660347439644905,304,-59.0,40.75,12.75,24.0,23596.5,370.9166666666667,5.999999999999999,32.64812559437569,304,-64.5,27.75,13.25,24.0,23596.5,1080.9166666666667,37.66666666666665,7.725561007131295
540.0,393.90165179419023,305,-58.666666666666664,-38.333333333333336,21.333333333333332,14.333333333333334,23601.0,212.33333333333331,2.3333333333333357,-21.38412934501854,305,-69.66666666666667,-9.333333333333334,52.333333333333336,29.333333333333332,23603.666666666668,2846.3333333333335,44.33333333333331,-24.133299751637452,305,-61.0,11.5,5.5,13.5,23600.5,708.3333333333334,20.666666666666668,32.12979020855449,305,-61.333333333333336,7.333333333333333,4.333333333333333,18.0,23600.666666666668,481.33333333333337,4.333333333333332,8.891212166757262
540.0,376.8141256882476,306,-61.6,-18.6,7.4,22.0,23606.0,33.300000000000004,10.3,-19.879869922742934,306,-64.66666666666667,-38.666666666666664,3.0,12.0,23608.0,666.3333333333334,33.33333333333332,-25.43122263634441,306,-56.666666666666664,33.333333333333336,2.6666666666666665,25.0,23605.0,60.333333333333336,44.33333333333334,31.56687998356264,306,-64.33333333333333,3.0,-1.6666666666666667,25.0,23605.0,193.0,24.333333333333325,10.09251337854048
540.0,359.7265995823049,307,-64.0,-16.25,10.25,13.5,23610.5,86.25,20.666666666666668,-18.41174657485888,307,-66.25,-33.75,-7.25,20.0,23611.5,272.25,37.58333333333331,-26.582440540180986,307,-64.25,29.75,-9.0,15.0,23608.5,88.91666666666667,54.25,30.953510849341626,307,-62.5,10.75,8.5,15.0,23608.5,122.25,5.666666666666668,11.330020103148453
540.0,342.6390734763622,308,-64.66666666666667,-15.0,9.666666666666666,28.333333333333332,23614.0,13.0,54.33333333333336,-16.980330545245156,308,-62.0,-45.5,3.75,25.75,23615.5,543.0,8.666666666666668,-27.609705710894318,308,-63.75,28.0,-4.25,22.0,23612.5,1127.3333333333335,80.25000000000003,30.28274137423233,308,-60.0,16.25,13.0,22.0,23612.5,28.916666666666668,4.666666666666663,12.604186652861282
540.0,325.5515473704196,309,-66.0,-13.0,13.2,10.6,23618.0,71.0,84.49999999999999,-15.585981784946451,309,-66.0,-45.0,33.5,10.5,23619.5,578.6666666666667,28.666666666666668,-28.531448818000683,309,-61.0,30.25,-2.75,18.0,23616.5,357.5833333333333,16.666666666666668,29.54633122804187,309,-60.75,22.25,11.0,18.0,23616.5,166.91666666666666,15.583333333333337,13.91534962179842
540.0,308.4640212644769,310,-60.75,-15.75,14.5,22.0,23622.5,36.24999999999999,4.916666666666669,-14.22886637555921,310,-67.0,-8.25,17.0,20.5,23623.5,2508.9166666666665,59.33333333333331,-29.362723075827844,310,-63.25,26.0,2.0,11.5,23620.5,62.0,10.916666666666666,28.73443276642046,310,-64.5,24.25,11.75,11.5,23620.5,40.916666666666664,5.666666666666667,15.263710472862638
540.0,291.3764951585342,311,-60.333333333333336,-10.333333333333334,21.0,28.666666666666668,23626.0,32.333333333333336,9.333333333333329,-12.908974643758313,311,-63.75,-41.0,9.75,20.5,23627.5,55.33333333333335,38.916666666666664,-30.11592086084558,311,-61.5,20.75,-11.0,26.5,23624.5,147.58333333333331,19.66666666666667,27.835194175842005,311,-63.0,27.75,1.5,26.5,23624.5,784.9166666666665,15.999999999999995,16.64931752199376
540.0,274.2889690525916,312,-64.0,-12.25,6.5,14.75,23629.5,58.25,6.000000000000001,-11.626139480413741,312,-65.33333333333333,-37.666666666666664,-20.0,9.666666666666666,23632.0,666.3333333333334,4.333333333333325,-30.80132131291114,312,-60.5,24.0,-3.5,21.5,23628.5,80.66666666666667,20.33333333333333,26.834244873418786,312,-58.5,39.75,22.25,21.5,23628.5,494.9166666666667,5.666666666666668,18.072047633228717
540.0,260.6189481678374,313,-61.6,-11.6,1.6,17.0,23633.2,88.8,22.799999999999997,-10.626350386492629,313,-63.666666666666664,-32.0,-3.0,30.333333333333332,23635.666666666668,1849.0,10.333333333333337,-31.427511886120737,313,-59.75,26.5,-7.0,14.25,23632.5,109.66666666666667,30.25,25.714023215795223,313,-60.0,29.0,6.75,14.25,23632.5,1520.6666666666667,66.0,19.53158801518898
540.0,240.11391684070628,314,-65.5,-13.25,-1.75,28.5,23637.5,44.25,29.666666666666657,-9.170291395929182,314,-61.5,-32.75,-16.0,20.75,23639.5,1796.916666666667,16.33333333333334,-32.001715362705504,314,-58.5,26.0,-1.5,25.5,23636.5,86.66666666666667,32.33333333333333,24.452892094352798,314,-56.5,21.25,-5.0,25.5,23636.5,84.25,33.666666666666664,21.027418587571432
540.0,223.0263907347636,315,-61.5,-1.75,1.25,19.5,23641.5,38.25,27.666666666666675,-7.996317173661876,315,-65.25,-15.0,14.5,14.5,23643.5,2038.6666666666667,24.916666666666657,-32.53004549451367,315,-58.0,23.5,-1.5,20.25,23640.5,39.0,15.333333333333334,23.023968721842007,315,-61.25,28.0,7.5,20.25,23640.5,20.666666666666668,102.25,22.558795460487797
540.0,209.35636985000946,316,-61.4,-3.2,8.6,15.2,23645.2,28.7,15.799999999999997,-7.082490199962201,316,-68.33333333333333,15.333333333333334,18.0,29.666666666666668,23647.333333333332,332.3333333333333,20.333333333333318,-33.01770837500737,316,-62.25,21.75,-3.75,12.25,23644.5,4.916666666666669,4.25,21.39357041250905,316,-62.0,5.5,9.75,12.25,23644.5,1081.6666666666667,60.00000000000002,24.124736134484003
540.0,188.8513385228783,317,-61.666666666666664,1.0,3.6666666666666665,24.666666666666668,23650.0,43.0,1.3333333333333321,-5.753171656270785,317,-66.75,-26.25,12.25,16.5,23651.5,524.25,6.25,-33.46916224190189,317,-61.333333333333336,26.333333333333332,1.0,30.333333333333332,23648.666666666668,17.333333333333332,142.33333333333331,19.5191500299505,317,-55.0,27.0,-4.0,30.333333333333332,23648.666666666668,163.0,9.0,25.72400707827696
540.0,171.7638124169356,318,-63.25,-4.0,0.75,22.5,23653.5,60.0,14.916666666666663,-4.682545925259718,318,-71.5,9.5,21.25,23.5,23655.5,3231.0,106.99999999999996,-33.88824520260768,318,-63.25,13.75,-1.25,18.25,23652.5,20.916666666666668,24.250000000000014,17.34657059869791,318,-56.5,36.25,13.75,18.25,23652.5,34.916666666666664,72.99999999999999,27.355114367643086
540.0,157.52420732865008,319,-63.833333333333336,-1.8333333333333333,4.666666666666667,15.0,23657.666666666668,139.76666666666665,19.76666666666666,-3.8155295794395556,319,-64.75,4.25,-5.25,13.75,23659.5,2234.2499999999995,34.25,-34.27827802603069,319,-61.0,17.5,-1.25,20.0,23656.5,9.666666666666666,16.666666666666668,14.806571510610114,319,-54.25,30.5,3.75,20.0,23656.5,17.0,23.58333333333334,29.016298065447337
540.0,137.58876020505028,320,-69.33333333333333,9.666666666666666,10.666666666666666,12.666666666666666,23662.0,869.3333333333333,30.333333333333343,-2.639167751985467,320,-65.75,-30.0,-4.0,15.25,23663.5,284.6666666666667,8.250000000000009,-34.64214741486387,320,-62.0,12.75,-0.75,13.75,23660.5,14.916666666666666,24.666666666666668,11.810370056115433,320,-56.0,42.0,0.75,13.75,23660.5,86.0,2.6666666666666665,30.705530983223323
540.0,120.50123409910765,321,-64.25,10.75,3.25,15.25,23665.5,160.25000000000003,26.25,-1.6646996279222332,321,-68.5,4.5,-2.25,17.25,23667.5,1731.6666666666663,25.0,-34.98237389090111,321,-57.0,10.5,0.0,12.5,23664.5,17.666666666666668,13.333333333333336,8.244670326098342,321,-61.0,35.25,7.0,12.5,23664.5,68.24999999999999,0.6666666666666666,32.42052238428163
540.0,106.26162901082209,322,-60.0,6.5,8.0,18.166666666666668,23669.666666666668,123.9,3.6000000000000028,-0.8758263918617972,322,-74.75,-16.0,3.0,17.75,23671.5,1286.0,45.583333333333314,-35.30116746981001,322,-60.75,11.0,0.75,21.25,23668.5,2.666666666666666,16.249999999999996,3.9672483889319827,322,-62.0,8.75,9.25,21.25,23668.5,3946.9166666666665,5.999999999999996,34.15872706480733
540.0,90.0,323,-66.0,-5.333333333333333,4.0,9.0,23674.0,17.333333333333332,9.0,0.0,323,-67.25,-12.25,6.75,17.25,23675.5,2716.9166666666665,12.249999999999986,-35.537677791974374,323,-57.25,2.0,0.25,14.0,23672.5,2.0,16.250000000000007,0.0,323,-59.25,12.0,7.25,14.0,23672.5,2131.333333333333,2.25,35.537677791974374
